{"cameraMode":{"drawMode":0,"name":"Shaded","section":"Shading Mode"},"sceneLighting":true,"audioPlay":false,"sceneViewState":{"showFog":true,"showMaterialUpdate":false,"showSkybox":true,"showFlares":true,"showImageEffects":true,"showParticleSystems":true},"in2DMode":false,"pivot":{"x":28.19120216369629,"y":0.7481306791305542,"z":5.267831802368164},"rotation":{"x":-0.2338588386774063,"y":-0.40431657433509829,"z":0.10772901773452759,"w":-0.8776412010192871},"size":15.546680450439454,"orthographic":false}